"0","install.packages(""tidyverse"")"
"1","Error in "
"1",""
"1","install.packages"
"1",""
"1"," : "
"1",""
"1","Updating loaded packages"
"1",""
"1","
"
"0","install.packages(""tidymodels"")"
"1","Error in "
"1",""
"1","install.packages"
"1",""
"1"," : "
"1",""
"1","Updating loaded packages"
"1",""
"1","
"
"0","install.packages(""plotly"")"
"1","Error in "
"1",""
"1","install.packages"
"1",""
"1"," : "
"1",""
"1","Updating loaded packages"
"1",""
"1","
"
"0","install.packages(""palmerpenguins"")"
"1","Error in "
"1",""
"1","install.packages"
"1",""
"1"," : "
"1",""
"1","Updating loaded packages"
"1",""
"1","
"
"0","install.packages(""glm"")"
"1","Warning in "
"1",""
"1","install.packages"
"1",""
"1"," :
  "
"1",""
"1","package ‘glm’ is not available for this version of R

A version of this package for your version of R might be available elsewhere,
see the ideas at
https://cran.r-project.org/doc/manuals/r-patched/R-admin.html#Installing-packages"
"1",""
"1","
"
"1","
Restarting R session...

"
"1","
Restarting R session...

"
"2","Error in paste(cacheKey, ""Rdata"", sep = ""."") : reached elapsed time limit
"
